Licensee,DBA,License #,Street Address ,City,Zip 
1-11 LLC,1:11,403R-00537,54414 County Road F,Center,81125
1617 WAZEE STREET LLC,LODO WELLNESS CENTER,403R-00102,"1617 Wazee Street, Unit B",Denver,80202
2116 SYSTEMS LLC,,403R-00413,2116 South Kalamath Street,Denver,80246
3 DOG PRODUCTIONS LLC,3 DOG PRODUCTIONS LLC,403R-00618,740 Newton Road,Pueblo,81005
36 RESEARCH LLC,,403R-00801,36C North Research Drive,Pueblo West,81007
3B-38 LLC,BUDDY BOY,403R-00435,4600 Ironton Street,Denver,80239
4900 JACKSON LLC,SUNDANCE GARDENS,403R-00109,4900 Jackson Street,Denver,80216
4900 JACKSON STREET LLC,CHAMPION CANNABIS,403R-00057,4980 Jackson Street,Denver,80216
4940 CORPORATION LLC,,403R-00167,4940 East 39th Street,Denver,80207
4DAUGHTERS ENTERPRISE LLC,,403R-00727,3946 44th Lane,Avondale,81022
4th DIMENSION INC,,403R-00534,3144 Verde Road,Pueblo,81004
50 SHADES OF GREEN LLC,,403R-00701,4791 North Interstate 25,Pueblo,81008
505 CENTER LLC,PURE MEDICAL DISPENSARY,403R-00630,"5475 Peoria Street Bldg 2, Units 106-110",Denver,80239
5110 RACE LLC,THE SANCTUARY,403R-00003,2424 East 43rd Avenue,Denver,80216
5280 WELLNESS LLC,MMJ AMERICA GOLDEN TRIANGLE,403R-00024,1205 West Evans Avenue,Denver,80223
7890 LLC,CANNABLISS GARDENS,403R-00776,115 Rio Vista Avenue,Antonito,81120
A BETTER CHOICE LLC,GHOST GARDENS,403R-00496,1115 Siloam Road,Pueblo,81005
A CUT OFF THE TOP MEDICAL MARIJUANA LLC,,403R-00069,2059 West 9th Avenue,Denver,80204
A2ZINC LLC,ZGREENS CO,403R-00503,2177  57th Lane,Boone,81025
ABUNDANT HEALTH DENVER LLC,HERBAN UNDERGROUND,403R-00313,"70 Broadway, Suite 50",Denver,80203
ACADEMY OF THE HEALING ARTS LLC,HIGH VALLEY RETAIL CANNABIS,403R-00307,17505 County Road 52,Saguache,81149
ACES PLACE LLC,,403R-00610,"120 Hemlock Street, Suite 110 & 120",Fort Collins,80524
ACME HEALING CENTER OF RIDGWAY LLC,,403R-00204,22327 US Hwy 550 Lot B,Ridgway,81432
ADVANCED MEDICAL ALTERNATIVES LLC,,403R-00136,"400 South Lipan Street, Unit 23",Denver,80223
ADVANCED MEDICAL ALTERNATIVES LLC,,403R-00138,501 West 40th Avenue,Denver,80239
ADVANCED MEDICAL ALTERNATIVES LLC,,403R-00778,"400 South Lipan, Unit 6",Denver,80223
AJO HOLDINGS LLC,NATURAL SELECTIONS,403R-00416,"5757 Arapahoe Avenue, Unit C2",Boulder,80303
AJS EVANS LLC,SWEET LEAF,403R-00806,1011 West 45th Avenue,Denver,80211
ALCC LLC,THE DAB BY NEXT HARVEST,403R-00181,750 Canosa Court,Denver,80204
ALLGREENS LLC,,403R-00660,762 Kalamath Street,Denver,80204
ALPENGLOW BOTANICALS LLC,,403R-00093,"1805 Airport Road, #B1C, B1B & B2",Breckenridge,80424
ALPINE WELLNESS LLC,ALPINE WELLNESS,403R-00116,765 Vance Drive,Telluride,81435
ALPINE WELLNESS LLC,ALPINE INFUSIONS,403R-00763,557 Woodstock Road,Norwood,81423
ALTA PRAIRIE LLC,,403R-00058,4655 East 46th Avenue,Denver,80216
ALTERMEDS LLC,ALTERMEDS,403R-00281,"2510 North 47th Street, Unit E",Boulder,80301
ALTERNATIVE HOLISTIC HEALING LLC,ROCKY MOUNTAIN ORGANICS,403R-00200,5312 Hwy 119 Unit B,Black Hawk,80422
ALTERNATIVE HOLISTIC HEALING LLC,ROCKY MOUNTAIN ORGANICS,403R-00666,7445 Rex Road,Pueblo,81005
ALTERNATIVE MEDICINE ON CAPITOL HILL LLC,,403R-00014,231 Wyandot Street,Denver,80223
ALTERNATIVE MEDICINE ON CAPITOL HILL LLC,,403R-00015,211 Wyandot Street,Denver,80223
ALTITUDE WELLNESS CENTER LLC,NATURE'S HERBS AND WELLNESS DTC,403R-00171,1930 East 40th Avenue,Denver,80205
ALTITUDE WELLNESS CENTER LLC,NATURE'S HERBS DTC,403R-00815,"1131, 1133, 1135 South Bannock Street",Denver,80223
AMERICAN INDUSTRY LLC,DENVER CLONE STORE,403R-00555,4571 Ivy Street,Denver,80216
AMERICAN PRIDE GROWERS LLC,LEAF ON THE MESA,403R-00424,1917 Santa Fe Drive,Pueblo,81006
AMERIJUANA INC,,403R-00517,72 North Laser Drive,Pueblo West,81007
ANCIENT ALTERNATIVES LLC,GREEN TREE MEDICINALS,403R-00693,"6859 North Foothills Highway, Unit D-300",Boulder,80302
ANIMAS HERBAL WELLNESS CENTER INC,,403R-00344,577 South Jason Street,Denver,80223
ANIMAS HERBAL WELLNESS CENTER INC,,403R-00550,1115 South Bannock Street,Denver,80223
ANTS ORGANIC LLC,HONEST MARIJUANA COMPANY,403R-00485,231 Arthur Avenue,Oak Creek,80467
APEX INDUSTRIES INC,HARVEST HOUSE,403R-00468,211 Highway 119,Nederland,80466
ARKANNABIS FARMS LLC,HAPPY HAY,403R-00766,40444 Bush Road,Avondale,81022
ARMS HOLDINGS,SOLACE INC,403R-00209,4455 & 4477 Garfield Street,Denver,80216
BACK TO THE GARDEN HEALTH & WELLNESS CENTER LLC,,403R-00216,4500 Jason Street,Denver,80211
BALLPARK HOLISTIC DISPENSARY CORP,BALLPARK HOLISTIC DISPENSARY,403R-00335,"4228 North York Street, #102, 103, 105",Denver,80216
BASEBALL18 LLC,,403R-00429,"46795 East State Highway 96, Building 2",Avondale,81022
BEDDOR CLAUDE LLC,CHRONIC THERAPY,403R-00287,10030 West 27th Avenue,Wheat Ridge,80215
BEDDOR CLAUDE LLC,CHRONIC THERAPY,403R-00593,"482 Laredo Street, Unit Q, R, S and T",Aurora,80011
BERLIN INTERNATIONAL LLC,PURE GREENS,403R-00301,7800 County Road 152,Salida,81201
BEST BUDS BOTANICAL LLC,BEST BUDS,403R-00694,5971 Shadow Lane,Pueblo,81004
BEULAH VALLEY FARMS LLC,,403R-00476,7791 Highway 78 West,Beulah,81023
BEYOND BROADWAY LLC,LIVWELL,403R-00217,5141 Franklin Street,Denver,80216
BIG TOE LLC,FINE TREES,403R-00304,5353 Joliet Street,Denver,80239
BIOENERGETIC HEALING CENTER LLC,,403R-00163,7851 County Road 150,Salida,81201
BK HOLDINGS LLC,,403R-00450,12001 East 37th Avenue,Denver,80239
BK HOLDINGS LLC,THC AT PEORIA CROSSING,403R-00481,12005 East 37th Avenue,Denver,80239
BLACK DOG VALLEY LLC,,403R-00705,695 Buggy Circle,Carbondale,81623
BLUE RIBBON HERBS LLC,BLUE RIBBON HERBS,403R-00816,2916 Graneros Lane,Pueblo,81005
BOARDLIFE LLC,KUSH LIFE,403R-00663,5715 Fairfax Street,Commerce City,80022
BOONE FARMS LLC,,403R-00467,60710 Highway 96 E,Boone,81025
BORIS DYNOWSKI LLC,,403R-00493,"6185 Arapahoe Road, Unit C",Boulder,80303
BOTANACARE LLC,B GOOD,403R-00173,"11450 Cherokee Street, Units A4 - A7",Northglenn,80234
BOTANICO INC,,403R-00067,5020 East 41st Avenue,Denver,80216
BOULDER ALTERNATIVE CARE LLC,THE GREEN ROOM,403R-00245,"3554 Pearl Street, Unit G",Boulder,80301
BOULDER ORGANIC FOOD GROUP LLC,COLORADO PURE VAPE,403R-00241,9135 West 44th Avenue,Wheat Ridge,80033
BOULDER RX LLC,NATIVE ROOTS BOULDER,403R-00229,"1880 South Flatiron Court, Unit E",Boulder,80302
BOULDER RX LLC,NATIVE ROOTS BOULDER,403R-00795,2100 53rd Lane,Boone,81025
BOULDER WELLNESS CENTER LLC,,403R-00478,"2200 Central Avenue, Suite A-1",Boulder,80301
BPK ENTERPRISES LLC,,403R-00631,"77 North Laser Drive, Unit B",Pueblo West,81007
BRAND NEW LLC,,403R-00475,"5595 Arapahoe Avenue, Suite F",Boulder,80303
BRECKENRIDGE ORGANIC THERAPY LLC,,403R-00237,"1800 Commerce Street, Unit North A",Boulder,80301
BUD HUT INC,BUD HUT INC,403R-00553,"973 U.S. Highway 85 87, Suite 100",Walsenburg,81089
BUDS LIMITED,,403R-00737,8495 Highway 6 & 24,Parachute,81635
BUSHES LLC,THE STATION,403R-00309,2650 West 6th Avenue,Denver,80204
C A WILLIAMS ENTERPRISES LLC,,403R-00695,2300 East State Highway 96,Pueblo,81001
C A WILLIAMS ENTERPRISES LLC,,403R-00759,2298 East State Highway 96,Pueblo,81001
CANNA COMPANY,CANNACO,403R-00419,3019 Toupal Drive,Trinidad,81082
CANNABIS CARE WELLNESS CENTERS LLC,SMOKEYS,403R-00221,2515 7th Avenue,Garden City,80631
CANNABIS CORP,CANNABIS,403R-00305,1055 South Fox Street,Denver,80223
CANNABIS FOR HEALTH LLC,,403R-00830,3835 North Paris Street,Denver,80239
CANNACRAFT LLC,CANNACRAFT,403R-00374,6480 Pickney Road,Rye,81069
CANNAMOUNT FARMS LLC,,403R-00675,7820 Soda Creek Road,Pueblo,81005
CANNASPIRE LTD,,403R-00720,60063 County Road GG,Moffat,81143
CANNATONIC LLC,,403R-00442,400 Industrial Park Road,Gunnison,81230
CANNAWORKS LLC,,403R-00735,33752 County Road 58 EE,Villa Grove,81155
CANNXTRACTS LLC,,403R-00805,"5595 Arapahoe Avenue, Suite A",Boulder,80303
CAREGIVERS FOR LIFE LLC,,403R-00107,"2744 West 4th Avenue, Unit 100",Denver,80219
CARRICK-HARVEST LLC,,403R-00063,"4705 Oakland Street, Unit A",Denver,80239
CATEGORY ONE BOTANICALS LLC,,403R-00716,"2340 Bennett Road, Colorado Buffalo Ranch, Lot 61",Walsenburg,81089
CCC INC,THE HAPPY CAMPER CANNABIS COMPANY,403R-00326,80 Rosalie Rd,Bailey,80421
CCCENTERSEVEN LLC,,403R-00369,103 Basin Park Drive,Gunnison,81230
CCOMAG INC,HOG PHARM,403R-00715,24C North Research Drive,Pueblo West,81007
CCR II LLC,,403R-00786,"21000 East 32nd Parkway, Suite 110",Aurora,80011
CG INDUSTRY LLC,CROSS GENETICS,403R-00802,"4902 East Smith Road, Unit C",Denver,80216
CG NETWORK LLC,GROUNDSWELL,403R-00457,4360 Vine Street,Denver,80216
CGE LLC,CANN GROW ENTERPRISES,403R-00545,"6040 Big Sky Drive, Building A",Rye,81069
CGRO LLC,APEX ORGANICS,403R-00606,1930 Pope Valley Ranch Road,Pueblo,81005
CHOICE ORGANICS INC,,403R-00038,"813 Smithfield Drive, Units C & D",Fort Collins,80524
CITI-MED LLC,STARBUDS,403R-00027,"4228 York Street, #101",Denver,80205
CJJ SERVICES LLC,SACRED SEED,403R-00043,5885 East Evans Avenue,Denver,80222
CMED LLC,,403R-00089,"615 Buggy Circle,  Unit D",Carbondale,81623
CO-AGRONOMICS LLC,THE GREEN DEPOT,403R-00190,4414 Vine Street,Denver,80216
COG LLC,CALIFORNIA ORIGINAL GENETICS,403R-00710,"901 West 9th Street, Unit 100",Pueblo,81003
COG2 LLC,,403R-00662,"901 West 9th Street, Unit 200",Pueblo,81003
COLD BAKED LLC,DABBLE EXTRACTS,403R-00678,920 East Spaulding Avenue,Pueblo West,81007
COLLECTED SUN LLC,COLLECTED SUN,403R-00738,6183 Red Creek Springs Road West,Pueblo,81005
COLORADO BEST BUDZ LLC,,403R-00488,"23344 Highway 50 East, Unit B",Pueblo,81006
COLORADO BLVD LLC,THE SPRING,403R-00041,15 Colorado Boulevard,Idaho Springs,80452
COLORADO CANNABIS ASSOCIATES LLC,THE SPOT,403R-00206,748 East Industrial Boulevard,Pueblo West,81007
COLORADO CANNABIS COMPANY LLC,PURE MEDICAL DISPENSARY,403R-00453,"5475 Peoria Street, Building 1, Units 101,102,103",Denver,80239
COLORADO CANNABIS COMPANY LLC,PURE MEDICAL DISPENSARY,403R-00454,"5475 Peoria Street, Building 1, Unit 107 - 112",Denver,80239
COLORADO CULTIVATORS LLC,COLORADO CULTIVATORS LLC,403R-00707,626 Sage Road,Montrose,81403
COLORADO DISTRIBUTING LLC,NATURES NUGS,403R-00384,893 East Enterprise Drive,Pueblo West,81007
COLORADO FARMS INC,LIGHTSHADE,403R-00214,11975 East 40th Avenue,Denver,80239
COLORADO GOLD LLP,COLORADO GOLD,403R-00819,36530 East Highway 96,Pueblo,81006
COLORADO HEALING LLC,HEADQUARTERS,403R-00308,"4727 North Broadway, Unit I",Boulder,80304
COLORADO HEALING LLC,HEADQUARTERS,403R-00533,4734 Pearl Street,Boulder,80301
COLORADO HEALTH CONSULTANTS LLC,STARBUDS,403R-00026,4690 Brighton Boulevard,Denver,80216
COLORADO LEAF LLC,COLORADO LEAF,403R-00508,8217 Red Creek Springs Road,Pueblo,81005
COLORADO MANAGEMENT HOLDINGS INC,CMH,403R-00187,5051 East 41st Avenue,Denver,80216
COLORADO MEDICAL MARIJUANA SUPPLY INC,LEAF ASPEN,403R-00371,3010 Airport Rd,Rifle,81650
COLORADO PRODUCT SERVICES LLC,DOCTOR'S GARDEN,403R-00182,655 Buggy Circle,Carbondale,81623
COLORADO PRODUCT SERVICES LLC,DOCTOR'S GARDEN,403R-00373,173 Oil Court,Rifle,81650
COLORADO WELLNESS INC,,403R-00124,2050 South Cherokee Street,Denver,80223
COLORADOS BEST INC,LACONTES CLONE BAR & DISPENSARY,403R-00248,"3887 Steele Street, Unit 102",Denver,80205
COLORADOS BEST INC,LACONTES CLONE BAR & DISPENSARY,403R-00471,11155 East 51st Avenue,Denver,80239
COMPASSIONATE CARE GIVERS INC,,403R-00085,"4228 York Street, Unit 104",Denver,80216
COMPASSIONATE CARE GIVERS INC,,403R-00088,6666 East Stapleton Drive South,Denver,80216
COMPASSIONATE PAIN MANAGEMENT LLC,AJOYA,403R-00263,1975 South Bannock Street,Denver,80223
CONEJOS FARM LLC,,403R-00704,402 Main Street,Antonito,81120
CONSCIOUS CONFECTIONS LLC,NATIVE ROOTS EXTRACTS,403R-00406,680 South Lipan Street,Denver,80204
COOPER MASON VENTURES LLC,SILVERPEAK APOTHECARY,403R-00274,24530 Highway 82,Basalt,81621
COSMIC FOODS LLC,COSMIC KITCHEN,403R-00732,555 South 10th Street,Gunnison,81230
COSMIC GREEN LLC,,403R-00780,881 West Bidwell Street,Gunnison,81230
CPM LAKEWOOD LLC,AJOYA MEDICAL CANNABIS,403R-00674,1975 South Bannock Street,Denver,80223
CRAFT INDUSTRIES INC,CRAFT CANNABIS,403R-00702,12001 East 33rd Avenue   Unit T,Aurora,80010
CRESTED BUTTE CONCENTRATES LLC,CRESTED BUTTE CANNABIS,403R-00339,"398 Riverland Drive, Suite 1A",Crested Butte,81224
CRESTED BUTTE WELLNESS CENTER LLC,,403R-00302,240 Arthur Avenue,Oak Creek,80467
CROSSROADS WELLNESS LLC,BOULDER BOTANICS,403R-00247,"4727 North Broadway, Unit G",Boulder,80304
CRYSTAL RIVER GROWERS LLC,,403R-00523,"220 North 12th Street, Unit A",Carbondale,81623
CS HOLDINGS INC,CANYON FARMS,403R-00734,3415 Riddell Place,Colorado City,81019
CSS INDUSTRIES INC,,403R-00840,12600 Smith Road,Aurora,80011
CT MANAGEMENT SERVICES LLC,GARO DEPOT,403R-00526,37671 Highway 9,Fairplay,80440
D & D CONSULTING INC,SOUTHWEST ALTERNATIVE CARE FOX STREET,403R-00722,1075 South Fox Street,Denver,80223
D & H SERVICE LLC,,403R-00619,"462 Laredo Street, Unit I & J",Aurora,80011
D and C MEDICAL MARIJUANA LLC,GOLDEN LEAF,403R-00225,2052 Snow Bowl Plaza,Steamboat Springs,80487
D AND C MEDICAL MARIJUANA LLC,GOLDEN LEAF,403R-00645,"2730 Downhill Drive, #103",Steamboat Springs,80487
DABS LABS LLC,DABS LABS,403R-00621,128 Maine Street,Log Lane Village,80705
DACONO MEDS LLC,SEDGWICK ALTERNATIVE RELIEF,403R-00296,107 Main Avenue,Sedgwick,80749
DALTON ADVENTURES LLC,,403R-00501,3705 North 75th Street,Boulder,80301
DALWHINNIE FARMS LLC,,403R-00782,6154 County Road 23,Ridgway,81432
DANTES LLC,,403R-00813,5149 Webster Street,Montezuma,80435
DAVID KRZYSZTOFIAK LLC,THE HERBAL ALTERNATIVE,403R-00391,1531 North Lebanon Road,Cortez,81321
DEBEQUE FARM LLC,,403R-00659,311 Stewart Avenue,De Beque,81630
DEBEST CONSULTING LLC,SUPER FARM,403R-00349,"482 Laredo Street, Units B-O",Aurora,80011
DELANY & ASSOCIATES LLC,GOOD EARTH MEDS,403R-00328,"600 Cloman Boulevard, #5, 6, 7, 8",Pagosa Springs,81147
DELILAH LLC,,403R-00238,753 & 755 Vance Drive,Telluride,81435
DELTA-9 DELIGHTS LLC,REEFER MADNESS,403R-00135,"4425 East 46th Avenue, Unit A",Denver,80216
DENCO LLC,,403R-00076,5155 East 46th Avenue,Denver,80216
DENCO LLC,,403R-00077,4300 East 51st Avenue,Denver,80216
DENVER BUD COMPANY LLC,,403R-00684,3217 Lake Avenue,Pueblo,81004
DENVER DISPENSARY LLC,DENVER DISPENSARY,403R-00105,4975 Vasquez Boulevard,Denver,80216
DENVER PATIENTS CENTER LLC,SANTE',403R-00579,3895 East 45th Avenue,Denver,80216
DENVER PATIENTS GROUP LLC,LIVWELL,403R-00219,5141 Franklin Street,Denver,80216
DESSIMALS INC,LUCKY MONKEY BUDS,403R-00565,137 Cedar Street,Trinidad,81082
DGP WALNUT LLC,SWEET LEAF,403R-00156,2609 Walnut Street,Denver,80205
DGP WILLIAMS LLC,SWEET LEAF,403R-00157,3954 Williams Street,Denver,80205
DGS INC,THE KIND ROOM,403R-00013,1870 South Acoma Street,Denver,80223
DISCOUNT MEDICAL MARIJUANA LLC,HIGH LEVEL HEALTH,403R-00103,3730 East 44th Avenue,Denver,80216
DISCOUNT MEDICAL MARIJUANA LLC,HIGH LEVEL HEALTH,403R-00104,395 Yuma Street,Denver,80223
DISTRICT 8 HOLDINGS LLC,,403R-00578,2139 45 Road,De Beque,81630
DKC LLC,DENVER KUSH CLUB,403R-00031,4960 Jackson Street,Denver,80216
DKC LLC,DENVER KUSH CLUB,403R-00670,7415 Rex Road,Pueblo,81005
DOCTORS ORDERS LLC,DOCTOR'S ORDERS,403R-00045,2323 South Lipan Street,Denver,80223
DOCTORS ORDERS LLC,DOCTOR'S ORDERS,403R-00046,1395 South Acoma Street,Denver,80223
DURANGO ORGANICS LLP,DURANGO ORGANICS,403R-00332,12929 Highway 550 South,Durango,81303
DUTCH BOTANICALS LLC,MORGANIC CONCENTRATES,403R-00731,"17600 East Exposition Drive, Unit C-1",Aurora,80017
DUTCH CALIBER LLC,,403R-00521,136 Kokanee Road,Fairplay,80440
ECOMED LLC,NATURES MEDICINE SALIDA,403R-00320,"7729 County Road 150, Units A-C",Salida,81201
EFA ENTERPRISES LLC,,403R-00829,808 CR 215,Parachute,81635
EJB VENTURES LLC,EJB VENTURE LLC,403R-00086,"4237 Josephine Street, Units 102 &103",Denver,80216
ELEVATED ACRES LLC,,403R-00745,17501 CR 65,Moffat,81143
ELEVATED CONCEPTS LLC,,403R-00682,25580 County Road N.2,San Luis,81152
ELEVATED ELEMENTS LLC,,403R-00761,"23054 State Highway 160, Site #5",Walsenburg,81089
ELEVATED QUALITY WHOLESALE LLC,,403R-00562,"210 East 10th Street,",Leadville,80461
ELITE ORGANICS LLC,ELITE ORGANICS,403R-00338,"1225 Blue Spruce Drive, Units H-J",Fort Collins,80524
ELK MOUNTAIN TRADING POST LLC,ELK MOUNTAIN TRADING POST LLC,403R-00412,170 East 3rd Street,De Beque,81630
EMERALD CITY WELLNESS LLC,EMERALD CITY,403R-00719,123 Pine Street,Trinidad,81082
EMERALD FIELDS GROW LLC,,403R-00431,46795 East State Highway 96  Building 4,Avondale,81022
EMERGE FARMS LLC,,403R-00794,401 & 411 Capital Street,Hayden,81639
EMPIRE MANAGEMENT LLC,,403R-00207,"110 Yuma Street, #4",Denver,80223
EVAND MANAGEMENT LLC,ALPINSTASH,403R-00603,"1224 Commerce Court, Unit 3",Lafayette,80026
EVERGREEN NATURALS LLC,,403R-00821,58301 County Road Z,Moffat,81143
EVERGREEN NATURALS LLC,,403R-00822,58239 County Road Z,Moffat,81143
EVOLUTIONARY HOLDINGS LLC,CHAMPION CANNABIS,403R-00657,"5231 North Monroe Street, Suite 200",Denver,80216
EXPANDING EARTH LLC,,403R-00826,59568 County Road T,Moffat,81143
FAMILY FARM GROWERS LLC,,403R-00723,43801 East State Highway 96/50,Pueblo,81006
FAMOUS BUDS LLC,,403R-00767,"3555 Moline Street, Unit #C",Aurora,80010
FARAGOSI FARMS INC,FARAGOSI FARMS,403R-00486,612 Hainlen Street,Trinidad,81082
FARM  BOY LLC,,403R-00428,"46795 East State Highway 96, Building 1",Avondale,81022
FIREHOUSE ORGANICS SOUTH LLC,FIREHOUSE ORGANICS,403R-00677,"4800 North Oakland Street, Unit 5",Denver,80239
FLEURAISON LLC,FLEURAISON LLC,403R-00570,5923 Broadway,Denver,80216
FLOWER POWER BOTANICALS LLC,,403R-00199,1308 -1310 Duff Drive,Fort Collins,80524
FOX STREET WELLNESS LLC,,403R-00249,4773 Fox Street,Denver,80216
FREDRICK JENKINS LLC,MT GROWERS,403R-00583,705 Elm Street,Pueblo,81004
FREEDOM GROWERS INC,FREEDOM GROWERS CORP,403R-00726,3502 Freedom Road,Trinidad,81082
FREEDOM ROAD GARDEN LTD,FREEDOM ROAD,403R-00594,2600 Freedom Road,Trinidad,81082
FREQUENCY ENTERPRISES LLC,HIGH FREQUENCIES,403R-00708,"77 North Laser Drive, Suite H",Pueblo,81007
FRESH BAKED LLC,FRESH BAKED,403R-00250,735 West Bayaud Avenue,Denver,80223
FRESH BAKED LLC,FRESH BAKED,403R-00251,4600 North Ironton Street #103,Denver,80239
FUTUREVISION LTD,MEDICINE MAN,403R-00040,4750 Nome Street,Denver,80239
GAMBEL OAK GROUP LLC,,403R-00638,"3555 Moline Street, Unit A",Aurora,80010
GANJA GOURMET LLC,GANJA GOURMET,403R-00134,"4902  E. Smith Road, Unit B",Denver,80216
GENERAL CANNABIS LABS LLC,GENERAL CANNABIS LABS,403R-00595,37047 Highway 550,Montrose,81403
GENESIS 8 LLC,,403R-00774,843 East Chemical Drive,Pueblo West,81007
GG MERCANTILE LLC,REDEYE RELEAF,403R-00159,1403 South Cherokee Street,Denver,80223
GM INC,GREEN WORLD,403R-00330,23320 County Road K5,San Luis,81152
GMC II LLC,,403R-00787,"21000 East 32nd Parkway, Suite 100",Aurora,80011
GMC LLC,GREEN MAN CANNABIS,403R-00201,2175 South Platte River Drive,Denver,80223
GOLDEN EAGLE NURSERIES LLC,,403R-00604,304 Weahgatay,Montrose,81403
GOLDEN MEDS INC,"GM ENTERPRISE, INC.",403R-00078,5077 North Colorado Boulevard,Denver,80216
GREEN AROUND YOU LLC,"GOLDEN MEDS, INC",403R-00654,4840 Jackson Street,Denver,80216
GREEN CROSS COLORADO LLC,GREEN CROSS COLORADO,403R-00112,"660 Bryant Street, Unit 102",Denver,80204
GREEN CROSS COLORADO LLC,GREEN CROSS COLORADO,403R-00224,2181 10th Street South,Rifle,81650
GREEN EARTH GROWERS LLC,BILLY BUDZ,403R-00736,2200 Pope Valley Ranch Road,Pueblo,81005
GREEN ESSENTIALS MEDICAL LLC,ASPEN GREEN DRAGON,403R-00269,1420 Devereux Road,Glenwood Springs,81601
GREEN FARMERS LLC,,403R-00629,7571 Vanessa Drive,Pueblo,81005
GREEN FIELDS,GREENFIELDS,403R-00742,4802 Brighton Boulevard,Denver,80216
GREEN GRASS LLC,,403R-00084,670 Bryant Street,Denver,80204
GREEN KIWI 2 LLC,LIVWELL,403R-00148,1660 East 40th Avenue,Denver,80205
GREEN MEADOWS WELLNESS LLC,INFINITE WELLNESS CENTER,403R-00311,900 North College Avenue,Fort Collins,80521
GREEN MEADOWS WELLNESS LLC,INFINITE WELLNESS CENTER,403R-00620,1717 Willox Court,Fort Collins,80524
GREEN MEDICINE LLC,THE GREEN JOINT,403R-00278,2187 10th Street South,Rifle,81650
GREEN MEDICINE RANCH LLC,,403R-00793,7872 West State Highway 96,Pueblo,81007
GREEN MOUNTAIN DISTRIBUTION LLC,,403R-00422,302 Meade Avenue,Pueblo,81001
GREEN STREET DISPENSARY LLC,THE GREENERY,403R-00640,"29420 Unit B, Highway 160 East",Durango,81303
GREEN THUMBZ LLC,GREEN THUMBS LLC,403R-00680,"77 North Laser Drive, Suite X",Pueblo West,81007
GREENER PASTURE COMPASSION CENTER LLC,VERDE NATURAL,403R-00033,5000 East 41st Avenue,Denver,80216
GREENHOUSE FX LLC,GET GROWING,403R-00627,1201 Siloam Road,Pueblo,81005
GREENLANDSWIFT LLC,,403R-00724,6033 Highway 78 West,Pueblo,81005
GREENLINE FEDERAL LLC,PASSION BUD,403R-00828,2640 East 43rd Avenue,Denver,80216
GREENWERKZ LLC,,403R-00120,830 North Wyandot Street,Denver,80204
GREG INC,,403R-00789,0 County Road 330,Walsenburg,81089
GROW GREEN GROUP LLC,GROW GREEN CANNABIS COMPANY,403R-00769,2190 Pope Valley Ranch Road,Pueblo,81005
GT INDUSTRIES LLC,HUSH CANNABIS & CONFECTIONS,403R-00718,40833 Highway 6,Avon,81620
GUARANTEED GREEN LTD,710 LABS,403R-00788,4800 Oakland Street Unit #3,Denver,80239
HADCAV ENTERPRISES INC,PURE MEDICAL DISPENSARY,403R-00790,5475 Peoria Street #1-106,Denver,80239
HAPPY BRANDS LLC,HAPPY BRANDS LLC,403R-00824,43 North Fabrication Drive,Pueblo,81007
HAPPY TREE & COMPANY LLC,HAPPY TREE FARMS,403R-00812,41751 Harbour Road,Avondale,81022
HASHISH HOUSE LLC,HASHISH HOUSE,403R-00233,63500 East State Highway 96,Boone,810259621
HCH 3 LLC,THE HIGHWAY,403R-00236,1221 County Road 308,Dumont,80436
HCH2 LLC,,403R-00117,40 South Main Street,Alma,80420
HEADQUARTERS EMPORIUM AND DISPENSARY LLC,,403R-00445,1501 Lee Hill Drive #9,Boulder,80304
HEALING HOUSE LAKEWOOD LLC,ASCEND CANNABIS CO,403R-00357,7420 Rex Road,Pueblo,81005
HEALTH DEPOT LLC,STICKY BUDS BROADWAY,403R-00132,2219 South Jason Street,Denver,80223
HEALTH DEPOT LLC,STICKY BUDS COLFAX,403R-00314,1994 South Cherokee Street,Denver,80223
HEARTLAND INDUSTRIES LLC,,403R-00355,9000 South Interstate 25,Colorado City,81019
HERBAL ALTERNATIVES LLC,NEW BROADSTERDAM,403R-00196,2568 South Broadway,Denver,80210
HERBAL ALTERNATIVES LLC,,403R-00667,4755 Lipan Street,Denver,80211
HERBAL ELEMENTS LLP,HERBAL ELEMENTS,403R-00474,"41394 US Highway 6, Units F1 & F2",Avon,81620
HERBAL HEALTH LLC,LOCAL PRODUCT OF COLORADO,403R-00653,3930 Holly Street,Denver,80204
HERBAL MEDICATIONS LLC,,403R-00818,2150 56th Lane,Boone,81025
HERBAL WELLNESS,SWEET LEAF,403R-00635,1475 South Acoma Street,Denver,80223
HERBAL WELLNESS LLC,,403R-00282,"1224 Commerce Court, Units 4 & 5",Lafayette,80026
HERE WE GO INC,,403R-00799,1035 Newton Road,Pueblo,81005
HERITAGE ORGANICS LLC,HERITAGE ORGANICS,403R-00611,84 North Precision Drive,Pueblo West,81007
HESPERUS MOUNTAIN HEALERS LLC,,403R-00484,444 Conestoga Way,Hesperus,81326
HGCO LLC,,403R-00060,12555 East 37th Avenue,Denver,80239
HGCO LLC,,403R-00823,4400 Garfield Street,Denver,80216
HIDEEZ SOLUTIONS LLC,,403R-00628,1750 Siloam Road,Pueblo,81005
HIERBA BUENA LLC,HIERBA BUENA,403R-00401,20663 County Road P6  Unit B,San Luis,81152
HIGH CANYON LLC,HIGH CANYON LLC,403R-00700,4780 Farasita Boulevard,Pueblo,81005
HIGH COLORADO FARMS LLC,,403R-00639,920 38th Lane,Pueblo,81006
HIGH COUNTRY FARMS AND RANCHES LLC,HIGH COUNTRY FARMS AND RANCHES LLC,403R-00825,21272 County Road P.6,Chama,81126
HIGH COUNTRY FARMS LLC,HIGH COUNTRY FARMS,403R-00460,1860 Copper Spur Road,Bond,80423
HIGH COUNTRY RANCH LLC,,403R-00783,1500 US Highway 85/87,Walsenburg,81089
HIGH COUNTRY SUPPLY LLC,COLORADO HARVEST COMPANY,403R-00096,1178 South Kalamath Street,Denver,80223
HIGH COUNTRY SUPPLY LLC,COLORADO HARVEST COMPANY,403R-00097,2335 South Platte River Drive,Denver,80223
HIGH DESERT CULTIVATIONS LLC,,403R-00740,41435 Harbour Road,Avondale,81022
HIGH HORSE LLC,,403R-00843,76 North Mission Drive,Pueblo West,81007
HIGH MESA FARMS LLC,,403R-00625,255 Melody Lane,Montrose,81403
HIGH SIERRA NATURALS INCORPORATED,,403R-00646,3613 Freedom Road,Trinidad,81082
HIS WAY HERBS LLC,AMERICANNA,403R-00286,"5575 Arapahoe Avenue,Unit B & C",Boulder,80303
HIS WAY HERBS LLC,BOULDER PHARMA,403R-00483,"5595 Arapahoe Avenue, Units C, D & E",Boulder,80303
HOLISTICAL LLC,SOUTH PARK FARMA,403R-00390,375 Kokanee Road,Fairplay,80440
HOLLY MEDICINAL SERVICES LLC,THE CLINIC ON COLORADO,403R-00100,"2675 South Santa Fe Drive, Units 6C, 6D, 6E, 6F, 6G & 6H",Denver,80223
HOTLEAF LLC,,403R-00567,30390 Colorado State Highway 9,Hartsel,80449
IBANNABI INC,IBANNABI INC,403R-00472,"472 Laredo Street, Units A-D",Aurora,80011
IGADI LTD,IGADI,403R-00392,"72399 US Highway 40, Unit C",Tabernash,80478
IN THE FLOW LLC,IN THE FLOW,403R-00673,5690 Valmont Road,Boulder,80301
INDOOR HORTICULTURE CENTERS LLC,SANTE ALTERNATIVE WELLNESS,403R-00609,26044 Highway 550 North,Durango,81301
INFUSIUM LLC,,403R-00664,"3555 Moline Street, Unit D",Aurora,80010
INSITE COMMERCIAL & TRADING LIMITED GROUP LLC,,403R-00656,"2310 Pope Valley Ranch Road, Unit B",Pueblo,81005
IRIS HOLLOW CO INC,COLORADO SEED INC,403R-00602,"5735 Arapahoe Avenue, Unit A",Boulder,80303
ISM2 INC,GREEN DOT LABS,403R-00686,7077 Winchester Circle,Boulder,80301
ITF INC,,403R-00329,"4891 North Broadway, Units 1&2",Boulder,80304
IVITA WELLNESS II LLC,IVITA,403R-00411,2150 South Lipan Street,Denver,80223
J and J ENTERPRISES INC,PAGOSA ORGANIC THERAPEUTICS,403R-00346,354 Bastille Drive,Pagosa Springs,81147
JBC ENTERPRISES LLC,FAT FACE FARMS,403R-00158,4700 Kingston Street,Denver,80239
JEM DUTCH ACRES  LLC,EARL'S,403R-00509,"1940 County Road 8, Unit A",Leadville,80461
JEM DUTCH ACRES LLC,EARL'S,403R-00142,1900 County Road 8,Leadville,80461
JGB VENTURES LLC,DANK LLC,403R-00004,"3835 Elm Street, Unit B & C",Denver,80207
JKC MANUFACTURING LLC,STRATOS,403R-00465,73 North Research Drive,Pueblo West,81007
JOIS LLC,SILVER STEM FINE CANNABIS,403R-00176,2731 West Short Place,Denver,80204
JOSEPH ARTHUR BOTANICALS LLC,,403R-00358,"714 North Ventura Street, Bldg1 Ste B&C, Bldg 2 Ste B&C",Aurora,80011
JPJR AND ASSOCIATES LLC,,403R-00092,4707 Lipan Street,Denver,80211
JPJR AND ASSOCIATES LLC,WIDESPREAD BANNOCK,403R-00260,1196 South Bannock  Street,Denver,80223
JRM HOLDINGS INC,JRM HOLDINGS INC,403R-00519,4245 West 13th Street,Pueblo,81003
JS INVESTMENTS LLC,EUFLORA,403R-00070,5300 Joliet Street,Denver,80239
JTR CAREGIVERS LLC,HELPING HANDS HERBALS,403R-00312,"5735 Arapahoe Avenue, Unit B-1",Boulder,80303
JULIE CAMILLE LLC,SWEET GRASS KITCHEN,403R-00400,1135 South Jason Street,Denver,80223
JVT ENTERPRISES INC,COLORADO CANNABIS CONNECTION,403R-00792,1075 South Jason Street,Denver,80223
K.I.N.D. WELLNESS CENTER LLC,K.I.N.D. WELLNESS CENTER LLC,403R-00210,102 North River Road,Snowmass,81654
KARING KIND LLC,,403R-00232,"5854 Rawhide Court, Suite C",Boulder,80302
KAYAK CORP,AMSTERDAM CAFE,403R-00094,"1325 South Inca Street, Suite A",Denver,80223
KAZIMER LLC,,403R-00087,1233 West Alameda Avenue,Denver,80223
KEENS GREENS EDIBLES LLC,,403R-00538,"1015 West Evans Avenue, Unit EB",Denver,80223
KGBI COLORADO LLC,SENSE OF HEALING,403R-00113,400 Quivas Street,Denver,80204
KIND BARON LLC,,403R-00574,14231 County Road 55,Saguache,81149
KIND CARE OF COLORADO LLC,KIND CARE OF COLORADO LLC,403R-00624,6617 South College Avenue,Fort Collins,80525
KIND ENTERPRISES LLC,,403R-00581,"6859 North Foothills Highway, Bldg C, C-100, C-200, C-300",Boulder,80302
KIND LOVE LLC,,403R-00414,4890 Joliet Street,Denver,80239
KINFOLK FARMS LLC,,403R-00378,83 Davidson Creek Road,Durango,81301
KINGPIN FARMS LLC,,403R-00539,6470 Galbreth Road,Pueblo,81005
KKMWB LLC,HIGH NEIGHBOR,403R-00751,3035 East 4th Street,Pueblo,81001
KORU HEALING LLC,KORU HEALING,403R-00832,345 Rogers Lane,Durango,81303
KP LLC,THE ALCHEMIST,403R-00544,228 Arthur Avenue,Oak Creek,80467
KPST LLC,5 BUDS,403R-00404,130 Lipan Street,Denver,80223
KRUSH PRODUCTIONS LLC,,403R-00779,33380 Highway 550,Montrose,81403
KTA LLC,HIGH ST CANNABIS STATION,403R-00415,890 Navajo Street,Denver,80204
L3ASTOCKCOMPLEX LLC,3-D CENTER,403R-00007,4305 Brighton Boulevard,Denver,80216
LARSEN GROUP II LLC,,403R-00580,206 Elm Drive,Log Lane Village,80705
LARSEN GROUP LLC,THE GREEN STOP,403R-00334,"130 Maine Street, Unit C",Log Lane Village,80705
L'EAGLE SERVICES LLC,L'EAGLE,403R-00267,380 Quivas Street,Denver,80223
LEAN LLC,LEAN LLC,403R-00091,1197 South Bannock Street,Denver,80223
LEFT BANK LLC,DIXIE ELIXIRS,403R-00321,4990 Oakland Street,Denver,80239
LEVEL 10 LLC,,403R-00643,"3555 Moline Street, Unit B",Aurora,80010
LIGHTSHADE LABS LLC,LIGHTSHADE,403R-00140,788 North Vallejo Street,Denver,80204
LIGHTSHADE LABS LLC,LIGHTSHADE,403R-00213,3950 Holly Street,Denver,80207
LIGHTSHADE LABS LLC,LIGHTSHADE LABS,403R-00739,"4665 Nautilus Court, Suite 400",Boulder,80301
LIPAN GROUP LLC,,403R-00319,50 Lipan Street,Denver,80223
LIVWELL I LLC,LIVWELL,403R-00252,5141 Franklin Street,Denver,80216
LIVWELL III LLC,LIVWELL,403R-00220,5141 Franklin Street,Denver,80216
LJM INC,LJM INC,403R-00648,8250 Mallory Drive,Colorado City,81019
LOS SUENOS LLC,LOS SUENOS FARMS,403R-00430,"46795 East State Highway 96, Building 3",Avondale,81022
LOTUS MEDICAL II LLC,,403R-00575,2257 South Kalamath Street,Denver,80223
LOUD LABS LLC,PYRAMID PENS,403R-00608,"4805, 4815, 4825 Van Gordon Street",Wheat Ridge,80033
LUCKY SWEETS LLC,LUCKY EDIBLES,403R-00146,3980 Franklin Street,Denver,80205
LYONS FINEST CONFIDENTIAL CARE LLC,TUMBLEWEED,403R-00554,4695 Kingston Street,Denver,80239
LYONS LAKE CORP,,403R-00055,4209 Delaware Street,Denver,80216
M&M DISTRIBUTING LLC,,403R-00443,422 North Commercial Street,Trinidad,81082
MACLONE OPERATIONS LLC,,403R-00758,"9670 Dallas Street, Unit 2",Henderson,80640
MADBYT LLC,,403R-00626,4582 44th Lane,Avondale,81022
MAGNA MARKETING INC,HERBS 4 YOU,403R-00095,"1325 South Inca Street, Unit B",Denver,80223
MAHATMA GANGA LLC,MAHATMA EXTREME CONCENTRATES,403R-00144,1045 West 45th Avenue,Denver,80211
MALIBU RDL LLC,PURGRO,403R-00773,6431 Galbreth Road,Pueblo,81005
MARISOL THERAPEUTICS LLC,,403R-00079,2204 Hickory Lane,Pueblo,81001
MARY JANES MEDICINALS LLC,MARY JANE'S MEDICINALS,403R-00446,761 Vance Drive,Telluride,81435
MAYFLOWER GROUP LLC,THE HEALTH CENTER,403R-00022,4825 Oakland Street,Denver,80239
MEDICAL MJ SUPPLY LLC,BESTCOLORADOMEDS.ORG,403R-00203,4800 Lamar Street,Wheat Ridge,80033
MEDICALLY CORRECT LLC,INCREDIBLES,403R-00405,1150 West Cluster Place,Denver,80223
MEDICINAL WELLNESS CENTER LLC,MEDICINAL OASIS LLC,403R-00130,5010 Paris Street,Denver,80239
MESA ORGANICS LTD,MESA ORGANICS,403R-00617,30899 Highway 50 East,Pueblo,81006
METRO CANNABIS INC,SILVER STEM FINE CANNABIS,403R-00133,1235 Umatilla Street,Denver,80204
METROPOLIS MEDICAL LLC,TRU CANNABIS OFF HAVANA,403R-00053,"4600 Ironton Street, Unit 101",Denver,80239
MGI INC,KINDMAN,403R-00008,4715 Colorado Boulevard,Denver,80216
MGI INC,KINDMAN,403R-00009,4125 Elati Street,Denver,80216
MIDWEST RANCH LLC,,403R-00261,"50100 East Highway 96, Suite B",Boone,81025
MIDWEST RANCH LLC,,403R-00473,"50100 East Highway 96, Suite A",Boone,81025
MIKE SQUARED LLC,BOULDER MARIJUANA COMPANY,403R-00239,"2480 49th Street, Unit H",Boulder,80301
MILE HIGH DISPENSARY LLC,MILE HIGH DEISPENSARY,403R-00755,54 Lipan Street,Denver,80233
MILE HIGH GREEN CROSS LLC,,403R-00528,"1015 West Evans Avenue, Unit A/B",Denver,80223
MILE HIGH MEDICAL CANNABIS LLC,TRU CANNABIS MILE HIGH,403R-00056,4611 East 46th Avenue,Denver,80216
MILE HIGH MEDICAL LLC,MMJ AMERICA UPTOWN,403R-00023,"1885 West Dartmouth Avenue, Units 6 & 8",Denver,80223
MILE HIGH ROSE LLC,,403R-00749,180 County Road 599,Walsenburg,81089
MILE HIGH THERAPEUTIC NETWORK LLC,ALTITUDE WEST,403R-00012,900 North Vallejo Street,Denver,80209
MILE HIGH WELLNESS II LLC,MILE HIGH WELLNESS - GREEN STREET,403R-00548,2291 South Kalamath Street,Denver,80223
MISFITS PHARMS LLC,,403R-00587,2405 Little Burnt Mill Road,Pueblo,81005
MISTY MOUNTAIN MEDICAL LLC,MISTY MOUNTAIN MEDICAL,403R-00784,3030 East 4th Street,Pueblo,81001
MJLQ LLC,WHOLE MEDS,403R-00591,"5959 East 39th Avenue, Unit 101",Denver,80207
MK WHOLESALE LLC,,403R-00717,"462 Laredo Street, Unit G",Aurora,80017
MMJ AMERICA INC,BOULDER MMJ,403R-00376,1617 West 12th Avenue,Denver,80204
MMST LLC,WELLSPRING COLLECTIVE,403R-00039,"1285 West Byers Place, Unit B (aka 1275 W. Byers Place)",Denver,80223
MODERN MEDICINE LLC,ALTITUDE ORGANICS,403R-00540,69 North Mission Drive,Pueblo,81007
MONTE FIORE LLC,,403R-00771,2714 County Road 616,Walsenburg,81089
"MORGUCZ, LLC",NINE YARDS CULTIVATORS,403R-00683,"6880 Winchester Circle, Unit C",Boulder,80301
MOUNTAIN GIRL LPT INC,,403R-00520,794 East 51st Avenue,Denver,80216
"MOUNTAIN HIGH 14,047 LLC",,403R-00546,22057 County Road K.5,San Pablo,81152
MOUNTAIN MEDICINALS INC,MOUNTAIN MEDICINALS RETAIL CENTER,403R-00211,"1800 Colorado Boulevard, #1",Idaho Springs,80452
NATURAL ALTERNATIVES FOR HEALTH LLC,,403R-00568,"1420 Blue Spruce Lane, Unit H",Fort Collins,80524
NATURAL CHOICE CO-OP,NATURAL CHOICE,403R-00168,1707 Copper Ridge Spur,Steamboat Springs,80487
NATURES BEST LLC,,403R-00556,1240 South Bannock Street,Denver,80223
NATURES CURE III LLC,THE COLFAX POT SHOP,403R-00035,1342 West Cedar Avenue,Denver,80224
NATURES GIFT SHOP LLC,,403R-00336,148 East Assembly Drive,Pueblo West,81007
NATURES HERBS & WELLNESS CENTER,,403R-00066,540  27th Street,Garden City,80631
NATURES HERBS & WELLNESS CENTER II,,403R-00634,17224 North Frontage Road,Log Lane Village,80705
NEW AGE MEDICAL LLC,,403R-00235,3857 Elm Street,Denver,80207
NEW AGE MEDICAL LLC,,403R-00810,"5156 Clarkson Street, Building 2, Unit B",Denver,80216
NEW HOPE WELLNESS CENTER LLC,,403R-00342,"210 Edwards Village Boulevard, Unit B-210",Edwards,81632
NEW MILLENIUM WHOLESALE LLC,,403R-00762,651 North Main Street,Mancos,81328
NEW WORLD ALTERNATIVE HEALTHCARE LLC,TELLURIDE BUD COMPANY,403R-00197,135 South Spruce Street,Telluride,81435
NEW WORLD ALTERNATIVE HEALTHCARE LLC,TELLURIDE BUD COMPANY,403R-00441,400 Indian Lane,Como,80432
NEWCO VENTURES LLC,,403R-00752,8440 Highway 96 West,Pueblo,81005
NEXTRACT LABS SOUTH LLC,,403R-00713,1660 Siloam Road,Pueblo,81005
NORTH FEDERAL LLC,THE GROVE,403R-00006,11100 East 51st Avenue,Denver,80239
NORTHERN LIGHTS NATURALS LLC,NORTHERN LIGHTS CANNABIS CO.,403R-00052,4444 York Street,Denver,80216
NUTRITIONAL ELEMENTS INC,THE HEALTH CENTER,403R-00025,4800 Nome Street,Denver,80206
NUVUE PHARMA LLC,,403R-00530,4740 Dillon Drive,Pueblo,81008
O LIMITED,SILVER STEM FINE CANNABIS,403R-00288,1110 West Virginia Avenue,Denver,80223
OG MEDICINALS LLC,,403R-00137,4995 Lima Street,Denver,80239
OHANA MAUNA GARDENS LLC,,403R-00757,2385-2387 Little Burnt Mill Road,Pueblo,81005
OPTIONS MEDICAL CENTER LLC,ELEMENTS,403R-00257,"1900 55th Street, Unit A-101",Boulder,80303
OPTIONS MEDICAL CENTER WR LLC,OPTIONS,403R-00240,"1880 South Flatirons Court, Units C&D",Boulder,80303
OPTIONS MEDICAL CENTER WR LLC,OPTIONS,403R-00294,"1700 South 120th Street, #B1, B2, B3A",Lafayette,80026
ORGANIC AGRICULTURE CONSULTANTS INC,,403R-00775,31 North Silicon Drive,Pueblo,81007
ORGANIC ALTERNATIVES LLC,ORGANIC ALTERNATIVE,403R-00291,337 Hickory Street,Fort Collins,80524
ORGANIC GREENS INC,NATURAL REMEDIES,403R-00068,4105 Jason Street,Denver,80211
ORGANIC GREENS INC,NATURAL REMEDIES,403R-00198,4675 Kingston Street,Denver,80239
ORGANIC WELLNESS DISPENSARY LLC,GREEN TREE MEDICINALS,403R-00685,"5565 Arapahoe Avenue, Suite G",Boulder,80303
ORGANIX LLC,,403R-00081,1001 West Center Avenue,Denver,80247
ORGANIX LLC,,403R-00083,"1795 Airport Road, Unit A2",Breckenridge,80424
OSIRIS LLC,,403R-00576,2150 Devereux Road,Glenwood Springs,81601
PAMS FARMS LLC,,403R-00730,6385 Galbreth Road Unit A,Pueblo,81005
PANK LLC,PANK,403R-00455,7084 Winchester Circle,Boulder,80304
PARADISE WEST LLC,,403R-00641,11988 Highway 103,Idaho Springs,80452
PARK RANGE RECREATIONALS LLC,,403R-00325,"100 West Main Street, Unit B",Oak Creek,80467
PATIENTS CHOICE OF COLORADO LLC,,403R-00062,5775 East 39th Avenue,Denver,80207
PATIENTS PLUS LLC,,403R-00289,505 Bryant Street,Denver,802044809
PEAK 5280 LLC,MAYFLOWER FARMS,403R-00477,13800 East Moncrieff Place,Aurora,80011
PEAK HOLDINGS GROUP LLC,PEAK,403R-00696,3770 Paris Street #101,Denver,80239
PHYSICIAN PREFERRED PRODUCTS LLC,DOCS APOTHECARY,403R-00192,"2100 East 112th Avenue, Suite 5",Northglenn,80233
PI STRATEGIES INC,,403R-00350,"11900 East 33rd Avenue, Suite 2",Aurora,80010
PLATTE VALLEY DISPENSARY LLC,PLATTE VALLEY DISPENSARY,403R-00297,3104 Blake Street,Denver,80205
PLEASANT VALLEY RANCH INC,,403R-00797,420 Upper Cattle Creek Road,Carbondale,81623
PM ET AL LLC,,403R-00747,1667 Butterfield Road,Hartsel,80449
POPS FARM INC,POPS FARM INC,403R-00584,3943 County Road 650,Rye,81069
POTCO SOUTH LLC,,403R-00712,1640 Siloam Road,Pueblo,81005
POWER PLANT ORGANICS LLC,POWER PLANT ORGANICS,403R-00748,3652 40th Lane,Avondale,81022
PREFERRED ORGANIC THERAPY & WELLNESS LLC,PREFERRED ORGANIC THERPY & WELLNESS,403R-00515,4850 Jackson Street,Denver,80246
PREMIER ORGANICS LLC,ALPINE ESSENTIALS,403R-00513,850 A&B  Commerical Lane,Palmer Lake,80133
PREMIUM MEDICINE OF COLORADO LLC,PREMIUM PETES,403R-00072,3936 Niagara Street,Denver,80207
PUEBLO AGRICULTURE LLC,,403R-00524,386 South 29th Lane,Pueblo,81006
PUEBLO WEST ORGANICS LLC,PUEBLO WEST ORGANICS,403R-00162,56 North Precision Drive,Pueblo West,81007
PUEBLO WEST ORGANICS LLC,PUEBLO WEST ORGANICS,403R-00227,"609 East Enterprise Drive, Suite 120 &130",Pueblo West,81007
PUEBLO WEST ORGANICS LLC,PUEBLO WEST ORGANICS,403R-00437,129 East Enterprise Drive,Pueblo West,81007
PUFF EDIBLES & CONCENTRATES LLC,VENOM WAX,403R-00383,2237 East Idaho Springs Road,Idaho Springs,80452
PURE INDUSTRIES LLC,,403R-00265,"2500 47th Street, Unit 2",Boulder,80301
PURE INDUSTRIES LLC,,403R-00409,1601 N. Erie Avenue,Pueblo,81001
PURE INDUSTRIES LLC,,403R-00410,"398 Riverland Drive, Suites 1-B, 1-C, 2-C",Crested Butte,81224
QUANTUM137,,403R-00560,24 North Fabrication Drive,Pueblo,81007
RAINDROP LLC,,403R-00721,5018 West Graneros Road,Colorado City,81019
RAWRX LLC,RAWRX,403R-00791,36900 El Moro Road,Trinidad,81082
RD INDUSTRIES LLC,,403R-00458,10555 East 45th Avenue,Denver,80216
REDWOOD INVESTMENT PARTNERS LLC,BONSAI CULTIVATION,403R-00228,1955 South Quince Street,Denver,80231
REVERED INC,,403R-00480,3590 Revere Street,Aurora,80011
REVERED INC,,403R-00711,"462 Laredo Street, Units A & B",Aurora,80011
RFSC LLC,,403R-00668,421 Highway 24,Leadville,80461
RFSCG-1 LLC,,403R-00322,421 Upper Cattle Creek Road,Carbondale,81623
RFSCLVG LLC,,403R-00407,145 Front Street,Leadville,80461
RINO SUPPLY CO INC,,403R-00698,2200 South Lipan Street,Denver,80223
RINO SUPPLY CO INC,,403R-00699,10452 Isabelle Road,Lafayette,80026
RIVERROCK LLC,RIVERROCK,403R-00166,4935 York Street,Denver,80216
RJJ SHERIDAN LLC,NATIVE ROOTS SOUTH,403R-00408,4990 Dahlia Street,Denver,80216
RK ENTERPRISES LTD,ROCKY MOUNTAIN REMEDIES,403R-00177,"2835 Downhill Plaza, Unit 601",Steamboat Springs,80487
RK ENTERPRISES LTD,ROCKY MOUNTAIN REMEDIES,403R-00178,"2750 Downhill Plaza, Unit 204",Steamboat Springs,80487
RK ENTERPRISES LTD,ROCKY MOUNTAIN REMEDIES,403R-00179,"2005 13th Street, Lower Unit D",Steamboat Springs,80487
RK ENTERPRISES LTD,ROCKY MOUNTAIN REMEDIES,403R-00180,"2750 Downhill Plaza, Unit 206",Steamboat Springs,80487
RK ENTERPRISES LTD,ROCKY MOUNTAIN REMEDIES,403R-00397,"2815 Downhill Plaza, Unit 401",Steamboat Springs,80487
RK ENTERPRISES LTD,ROCKY MOUNTAIN REMEDIES,403R-00398,"2835 Downhill Plaza, Unit 605",Steamboat Springs,80487
RME GROUP LLC,AFFINITY,403R-00689,4155 Grape Street,Denver,80216
RME GROUP LLC,AFFINITY,403R-00690,5200 East Smith Road,Denver,80216
RME GROUP LLC,AFFINITY,403R-00691,755 South Jason Street Unit 150,Denver,80223
ROCKY MOUNTAIN FARMACY INC,ROCKY MOUNTAIN FARMACY INC,403R-00011,695 Bryant Street,Denver,80204
ROCKY MOUNTAIN GREEN INC,,403R-00756,3386 Longhorn Road,Boulder,80302
ROCKY MOUNTAIN WAYS LLC,GOOD MEDS,403R-00600,866 Navajo Street,Denver,80204
ROCKY ROAD REMEDIES LLC,ROCKY ROAD PUEBLO,403R-00300,2656 McCormick Avenue,Pueblo,81001
ROYAL ASSET MANAGEMENT LLC,ROYAL RESIN,403R-00651,"4242 Elizabeth Street, Unit 1",Denver,80216
RR SERVICES LLC,,403R-00139,"2252 South Kalamath Street, Unit B",Denver,80223
RUSH CREEK LLC,,403R-00692,2205 Pope Valley Ranch Road,Pueblo,81005
SACRED VALLEY MEDICINE LLC,,403R-00440,61185 County Road T,Moffat,81143
SAN JUAN CULTIVATION LLC,CANNAFARMER,403R-00569,71463 US Highway 550,Silverton,81433
SAN JUAN STRAINS INC,,403R-00652,95 Industrial Circle,Pagosa Springs,81147
SAN LUIS ORGANICS LLC,VILLA GROW,403R-00649,33620 County Road 58EE,Villa Grove,81155
SCG SERVICES LLC,SOUTHERN COLORADO GROWERS,403R-00573,853 Greenhorn Mountain Circle,Rye,81069
SEALED ENVIRONMENT AGRICULTURE LABS INC,PURE,403R-00586,"1225 Blue Spruce Drive, Unit C",Fort Collins,80524
SERENE WELLNESS LLC,,403R-00082,433 East Park Avenue,Empire,80438
SERENITY MOON WELLNESS CENTER LLC,FROSTED LEAF,403R-00243,3819 Quentin Street,Denver,80239
SERENITY MOON WELLNESS CENTER LLC,FROSTED LEAF,403R-00497,10625 East 51st Avenue,Denver,80239
SEVEN LEAVES LLC,,403R-00811,413-425 Joe Martinez Boulevard,Pueblo West,81007
SHINING MOUNTAIN LLC,SHINING MOUNTAIN LLC,403R-00510,5636 County Road 23,Ridgway,81432
SHRED INVESTMENTS LLC,HIGH WEST CANNABIS,403R-00599,"10625 East 51st Avenue, Unit 103",Denver,80239
SINDUSTRIES INC,,403R-00744,4260 County Road 110,Walsenburg,81089
SIPES MOUNTAIN TRADERS LLC,NATURE'S SPIRIT,403R-00223,11976 Highway 24 South,Leadville,80461
SISSCO LLC,TRENCHTOWN,403R-00333,1619 West 12th Avenue,Denver,80204
SKINNY PINEAPPLE INC,THE FARM,403R-00270,"5441 Western Avenue, Suite #2,",Boulder,80301
SKINNY PINEAPPLE INC,THE FARM,403R-00271,"4725 South Nautilus Court, Suite #3,",Boulder,80301
SKINNY PINEAPPLE INC,THE FARM,403R-00272,"3095 West Sterling Circle, Unit #3,",Boulder,80301
SKINNY PINEAPPLE INC,THE FARM,403R-00273,"3065 West Sterling Circle, Unit #C",Boulder,80301
SKINNY PINEAPPLE INC,THE FARM,403R-00275,"1265 Rock Creek Circle, Suite A",Lafayette,80026
SKINNY PINEAPPLE INC,THE FARM,403R-00276,"1265 Rock Creek Circle, Suite B",Lafayette,80026
SKY UNLIMITED LLC,SKY UNLIMITED LLC,403R-00518,59 North Fabrication Drive,Pueblo West,81007
SMART CARE LLC,SMART CARE EXTRACTS,403R-00809,4696 Glencoe Street,Denver,80216
SMILE HIGH FARMS LLC,,403R-00706,1965 Pope Valley Ranch Road,Pueblo,81005
SMMS LLC,,403R-00566,6995 Imboden Road,Watkins,80137
SOFA KING MEDICINAL WELLNESS PRODUCTS LLC,SKM,403R-00385,1181 County Road 308,Dumont,80436
SOLACE MEDS LLC,,403R-00317,"301 Smokey Street, Unit B",Fort Collins,80525
SOLACE MEDS OF WHEAT RIDGE LLC,,403R-00202,4845 Van Gordon Street,Wheat Ridge,80033
SOPRIS VERDE LLC,SOPRIS VERDE,403R-00770,5353 West Sopris Creek Road,Basalt,81621
SOUTHERN CHARM ORGANICS LLC,,403R-00394,435 Industrial Park Road,Gunnison,81230
SOUTHERN COLORADO CANNABIS LLC,,403R-00636,503 6th Street,Blanca,81123
SOUTHWEST ALTERNATIVE CARE LLC,,403R-00623,"6390 Gunpark Drive, Unit A",Boulder,80301
ST VRAIN INDUSTRIES LLC,,403R-00532,1040 5th Avenue,Lyons,80540
STARBUDS ALAMEDA LLC,STARBUDS,403R-00746,428 South McCulloch Boulevard,Pueblo West,81007
STEALTHFARMS LLC,,403R-00572,58764 East Highway 50,Boone,81025
STEEL CITY DEVELOPMENT LLC,PLATINUM ORGANICS,403R-00552,77 North Magento Drive,Pueblo West,81007
STONE T.M.C. LLC,THE STONE DISPENSARY,403R-00589,1828 South Bannock Street,Denver,80223
STRAIGHT RIVER LLC,,403R-00725,52868 Yatze Road,Boone,81025
SUGAR MAGNOLIA FARMS LLC,SUGAR MAGNOLIA FARMS LLC,403R-00750,47006 East Highway 50,Avondale,81022
SUMMIT WELLNESS,DEN-REC DENVER RECREATIONAL DISPENSARY,403R-00174,2211 South Jason Street,Denver,80223
SUNCANNA LLC,,403R-00549,39327 Harbour Road,Avondale,81022
SUNRISE SOLUTIONS LLC,,403R-00193,43 Main Street,Bailey,80421
SUNSTRAIN LLC,,403R-00605,8380 West Highway 96,Pueblo,81005
SUPER FARM LLC,DENVER'S DUTCH,403R-00090,5395 East 39th Avenue,Denver,80207
SUSTAINABLE HEALTH LLC,14er GARDENS,403R-00268,"1840 Commerce Street, Units A and B",Boulder,80301
SWEET LEAF LLC,SWEET LEAF,403R-00208,136 Yuma Street,Denver,80223
SWEET LEAF PIONEER LLC,,403R-00277,"245 Marmot Lane, Unit 5",Eagle,81631
SWEETWATER PARTNERS LLC,THE PREZ,403R-00036,4240 Kearney Street,Denver,80216
SWEETWATER PARTNERS LLC,EL JEFE,403R-00037,4260 Kearney Street,Denver,80216
TDFT LIMITED,,403R-00709,"1224 Commerce Court, Unit 1",Lafayette,80026
TELLURIDE GREEN ROOM LLC,TELLURIDE GREEN ROOM,403R-00175,"711 South Park Road, #E & #F",Telluride,81435
TENDERFOOT HEALTH COLLECTIVE,,403R-00423,"2510 47th Street, Suite GG",Boulder,80301
TERRA CURA LLC,,403R-00672,"77 North Laser Drive, Suite E",Pueblo,81007
TETRAHYDROCENTER LLC,TETRAHYDRO CENTER,403R-00074,4400 York Street,Denver,80216
TETRAHYDROCENTER LLC,TETRAHYDRO CENTER,403R-00075,221 North Wyandot Street,Denver,80223
THCULTIVATION LLC,THCULTIVATION,403R-00679,"718 Southpark Road, Lot 418",Telluride,81435
THE FLOWER COLLECTIVE LTD,,403R-00361,91 Big Springs Drive,Nederland,80466
THE GENETIC LOCKER INC,TERRAPIN CARE STATION,403R-00230,5140 North Clarkson Street,Denver,80216
THE GENETIC LOCKER INC,TERRAPIN CARE STATION,403R-00231,"6420 Gunpark Drive, Unit C",Boulder,80301
THE GIVING TREE OF DENVER LLC,,403R-00598,1255 South Huron Street,Denver,80223
THE GOOD SEED,THE GOOD SEED,403R-00658,235 Bastille Drive,Pagosa Springs,81147
THE GREEN SOLUTION LLC,,403R-00018,4394 Grape Street,Denver,80216
THE GREEN SOLUTION LLC,,403R-00020,5305 Steele Street,Denver,80216
THE GREENEST GREEN LLC,BOLDER CANNABIS,403R-00258,"1900 55th Street, Building B",Boulder,80303
THE GROW FOUNDRY INC,CODA SIGNATURE,403R-00514,1105 Constitution Drive,Trinidad,81082
THE GROWING KITCHEN LLC,THE GROWING KITCHEN,403R-00222,8401 Baseline Road,Boulder,80303
THE HERBAL CURE LLC,,403R-00183,2209 South Jason Street,Denver,80223
THE HERBAL GARDEN LLC,,403R-00370,302 Lamkin Street,Pueblo,81003
THE KINE MINE LLC,,403R-00151,2058 East Idaho Springs Road,Idaho Springs,80452
THE KINE MINE LLC,,403R-00256,2820 Colorado Boulevard,Idaho Springs,80452
THE ORGANIC SEED LLC,CANNASSEUR,403R-00254,41 North Precision Drive,Pueblo West,81007
THE ORGANIC SEED LLC,CANNASSEUR,403R-00283,59 North Laser Drive,Pueblo,81007
THE POT SHOP LLC,THE POT SHOP LLC,403R-00337,67085 US Highway 50,Gunnison,812308729
TIMBERLINE HERBAL CLINIC AND WELLNESS CENTER LLC,,403R-00110,665 Kalamath Street,Denver,80204
TNT BOTANICALS LLC,POTZERO,403R-00507,11157 Gypsum Creek Road,Gypsum,81637
TNT FARMS LLC,,403R-00547,96 North Precision Drive,Pueblo West,81007
TOTANKA LLC,,403R-00377,8550 County Road 90,Lake George,80827
TR ENTERPRISES LIMITED LLC,CB NUGGET FACTORY,403R-00714,"244 Buckley Drive, Units 5 & 6,",Crested Butte,81224
TREATMENTS UNLIMITED LLC,ALTITUDE EAST,403R-00029,4550 Jackson Street,Denver,80216
TRILOGY HARVEST LLC,TRILOGY HARVEST LLC,403R-00743,29050 Resolana Road,Pueblo,81006
TRINIDAD CULTIVATION SERVICES INC,,403R-00753,13002 County Road 26.2,Trinidad,81082
TRINIDAD HARVESTING COMPANY LLC,TRINIDAD HARVESTING COMPANY LLC,403R-00820,3601 Freedom Road,Trinidad,81082
TRINIDADS HIGHER CALLING U LLC,,403R-00353,1000 Independence Road,Trinidad,81082
TRUST GROUP LLC,TRUST GROUP LLC,403R-00764,"59574 County Road T, Lot 19",Moffat,81143
TRUST GROUP LLC,TRUST GROUP LLC,403R-00765,"59574 County Road T, Lot 18",Moffat,81143
TV PHARM LLC,,403R-00614,2874 County  Road 34,Jefferson,80456
TWG LIMITED,LOCOL LOVE,403R-00499,"6859 North Foothills Highway, Building G",Boulder,80302
TWIN PEAKS JOINT VENTURE LLC,,403R-00622,"23054 State Highway 160, Site #1",Walsenburg,81089
TWOG YORK LLC,BUDDY BOY,403R-00434,5050 York Street,Denver,80216
TWOG-WALNUT LLC,BUDDY BOY,403R-00432,3814 Walnut Street,Denver,80216
TZ FINANCIAL LLC,HIGH COUNTRY HEALING,403R-00123,"191 Blue River Parkway, Stes 200, 201, 203, 204, 205, & 206",Silverthorne,80498
UISC LLC,,403R-00768,5303 Vasquez Boulevard unit 102,Commerce City,80022
UNIVERSAL HERBS LLC,UNIVERSAL HERBS,403R-00808,"5959 East 39th Avenue, Unit 102",Denver,80216
URBAN CANNABIS LLC,HEALING HOUSE,403R-00049,1100 Yuma Court,Denver,80204
URBAN CANNABIS LLC,HEALING HOUSE,403R-00315,"2480 49th Street, Suite F2",Boulder,80303
URBANE DEVELOPERS LLC,,403R-00637,2191 South Jason Street,Denver,80223
VAIL BUD BREWERY LLC,HIGH COUNTRY HEALING 8,403R-00466,"40801 Highway 6, Suite 5",Avon,81620
VENTURE PRODUCT CONSULTING LLC,RIZE,403R-00807,"4242 Elizabeth Street, Unit 2",Denver,80216
"VERNADERO FARMS, LLC",,403R-00687,2825 59th Lane,Boone,81025
VIOLA INC,VIOLAS EXTRACTS,403R-00244,4645 Joliet Street,Denver,80239
VIRTUAL MARKETING LLC,MAGGIE'S FARM,403R-00470,3900 North 27th Lane,Pueblo,81001
VISTABUDS LLC,,403R-00564,10788 County Road 21,San Pablo,81152
VITA MEDS LLC,MR NICE GUYS,403R-00607,1397 South Cherokee Street,Denver,80223
WAHATOYA FARMS LLC,,403R-00536,25462 West US Highway 160,Walsenburg,81089
WALGRO LLC,WALGRO,403R-00728,301 B Ray Sandoval Road,Walsenburg,81089
WALKING RAVEN II LLC,WALKING RAVEN,403R-00073,875 Navajo Street,Denver,80204
WANNA LLC,NORTHERN LIGHTS CANNABIS CO,403R-00131,1865 South Acoma Street,Denver,80223
WASH PARK BOUTIQUE LLC,LUCY SKY DISPENSARY,403R-00596,4525 Ironton Street,Denver,80239
WDG INC,BEMINDFUL,403R-00106,3880 Holly Street,Denver,80207
WEEDCRUMBS LLC,WEGROW PUEBLO,403R-00772,66 North Research Drive,Pueblo,81007
WELLNESS CENTER OF THE ROCKIES INC,,403R-00456,2130 South Lipan Street,Denver,80223
WESTERN REMEDIES LLC,,403R-00005,"777 Canosa Court, Suite 102",Denver,80204
WHITE DIAMOND BOTANICALS LLC,,403R-00615,157 East Industrial Boulevard,Pueblo West,81007
WHITE MEADOWS CULTIVATION LLC,,403R-00563,7013 Burnt Mill Road,Beulah,81023
WHITE PISTIL FARMS LLC,WHITE PISTIL FARMS,403R-00729,2105 Pope Valley Ranch Road,Pueblo,81005
WILLOW NORTH LLC,BUD FARM,403R-00498,385 North Willow,Mancos,81328
WILLS CONSULTING LLC,VAIL VALLEY CULTIVATIONS,403R-00463,"40690 Highway 6, Unit F",Avon,81620
WISE CANNABIS CO LLC,,403R-00676,21950 Highway 285,Fairplay,80440
WOWI LLC,,403R-00741,5715 Red Creek Springs Road East,Pueblo,81005
XG PLATINUM CORPORATION,,403R-00160,2506  6th Avenue,Garden City,80631
XG PLATINUM CORPORATION,,403R-00161,422 26th Street,Garden City,80631
XG PLATINUM CORPORATION,,403R-00452,525 Bryant Street,Denver,80204
YETI FARMS LLC,,403R-00661,1650 Siloam Road,Pueblo,81005
YUMA WAY LLC,1136 YUMA,403R-00803,1136 Yuma Court,Denver,80204
YUMA WAY LLC,1136 YUMA,403R-00804,1240 South Bannock Street,Denver,80223
ZBZ CORP,ANTERO JUNCTION,403R-00331,100 West Highway 24,Hartsel,80449